mode,param,value,trades,win_rate,avg_ret,portfolio_total_return,portfolio_max_drawdown
A_accumulation,oi_rise_min,0.2,30,0.06666666666666667,-0.1891042109715821,-0.10776135690178079,-0.11055398473208952
A_accumulation,oi_rise_min,0.35,13,0.07692307692307693,-0.20119167798360416,-0.05118351433348978,-0.051021856046778905
A_accumulation,oi_mcap_min,0.1,58,0.13793103448275862,-0.13723008631875866,-0.1483753272385876,-0.15050862813093935
A_accumulation,oi_mcap_min,0.25,7,0.14285714285714285,-0.22729347843233424,-0.03148448226864464,-0.03078992818499321
B_squeeze,funding_max,-0.0003,9,0.0,-0.28462215157588927,-0.05010852836338919,-0.03856841800247522
B_squeeze,funding_max,-0.001,8,0.0,-0.3393723946119337,-0.05307262500908272,-0.041568525080342394
B_squeeze,oi_mcap_min,0.2,12,0.08333333333333333,-0.279316549818784,-0.06506359405594575,-0.05370517088109467
B_squeeze,oi_mcap_min,0.5,7,0.0,-0.40321702995849806,-0.055120207692524015,-0.043640983584701726
C_ignition,volume_z_min,3.0,37,0.0,-0.22353712212961796,-0.1528365131017928,-0.1491558471374962
C_ignition,volume_z_min,5.0,29,0.0,-0.2150733540551145,-0.11757110113488922,-0.11373721775323345
C_ignition,ret_1h_min,0.04,47,0.0,-0.20061718992975103,-0.17234019361603803,-0.1687442651718984
C_ignition,ret_1h_min,0.08,23,0.0,-0.23365887961207574,-0.10217514293025098,-0.0982743688241626
