mode,base,entry_time,exit_time,entry_price,exit_price,ret_pct,gross_ret_pct,funding_ret_pct,exit_reason
C_ignition,HEI,2025-08-04 01:00:00,2025-08-04 02:00:00,0.48956502771160154,0.38803330232122596,-0.216294955539958,-0.2153833801238345,0.0,stop_loss
B_squeeze,MYX,2025-08-05 04:00:00,2025-08-05 05:00:00,1.1874182803968758,0.6465552231953053,-0.6001524485464467,-0.5992942462067263,0.0,trailing_stop
A_accumulation,ACT,2025-08-10 08:00:00,2025-08-31 07:00:00,0.04275167496186204,0.03964141262031944,-0.07531078030240809,-0.07433705405216527,0.0,time_stop
A_accumulation,NEIRO,2025-08-11 01:00:00,2025-08-19 16:00:00,0.00045066229935069295,0.00034585210020118845,-0.239859610578215,-0.23896534233813155,0.0,stop_loss
A_accumulation,MYX,2025-08-17 10:00:00,2025-08-17 22:00:00,2.240384720811448,1.641745471110561,-0.2880522245102136,-0.28715846390410465,0.0,trailing_stop
A_accumulation,TREE,2025-08-29 16:00:00,2025-09-01 01:00:00,0.3883478420188461,0.33424182116846596,-0.1510078806460465,-0.15004442831497541,0.0,oi_collapse
B_squeeze,MYX,2025-09-07 16:00:00,2025-09-07 19:00:00,3.160864700108826,2.6676316300856464,-0.17111090307652219,-0.17015077619124455,0.0,trailing_stop
C_ignition,MOODENG,2025-09-13 02:00:00,2025-09-13 13:00:00,0.2185696393975868,0.19970719359372383,-0.0921128300861712,-0.09100861624945952,-0.00012243444465888254,trailing_stop
A_accumulation,TREE,2025-09-15 01:00:00,2025-09-22 06:00:00,0.36039871210260266,0.2652892027870539,-0.2732438542867762,-0.2723640014763709,0.0,stop_loss
C_ignition,TST,2025-09-17 01:00:00,2025-09-17 02:00:00,0.057373164585872556,0.040940759154820344,-0.31842996735516177,-0.31753440446477704,0.0,trailing_stop
C_ignition,ACT,2025-09-17 03:00:00,2025-09-19 02:00:00,0.043124633695107044,0.039562840319012645,-0.08718342339980462,-0.08597135834164613,-0.00023459896693217474,time_stop
A_accumulation,ACT,2025-09-18 01:00:00,2025-09-22 06:00:00,0.04193947541070619,0.03010819002624781,-0.2888724313405916,-0.28800597333150874,0.0,stop_loss
C_ignition,TREE,2025-10-21 01:00:00,2025-10-21 02:00:00,0.20980789830865482,0.17168618803976377,-0.1934674412268229,-0.1925338902469245,0.0,stop_loss
A_accumulation,PIPPIN,2025-10-27 05:00:00,2025-10-29 01:00:00,0.018934618047197982,0.017687134166523906,-0.07440161457396104,-0.07338140474553387,0.0,oi_collapse
C_ignition,PIPPIN,2025-11-23 02:00:00,2025-11-23 03:00:00,0.04384124262347141,0.035571951008791534,-0.21158195593948728,-0.21062892548853476,0.0,trailing_stop
A_accumulation,FARTCOIN,2025-11-27 12:00:00,2025-11-30 01:00:00,0.3413297144232295,0.31567078648725,-0.07988734111077227,-0.07890199242306124,0.0,oi_collapse
B_squeeze,TRADOOR,2025-11-29 12:00:00,2025-11-29 13:00:00,3.6143075572072534,2.500854467451918,-0.33962489108276894,-0.33874447513092043,0.0,stop_loss
B_squeeze,PIPPIN,2025-12-01 03:00:00,2025-12-01 04:00:00,0.20474831753826425,0.12022385594248688,-0.46843855678108326,-0.46760600573012484,0.0,stop_loss
A_accumulation,TRADOOR,2025-12-02 05:00:00,2025-12-02 06:00:00,1.9033657758834885,1.0285710332475255,-0.6315807701172219,-0.6307099802710621,0.0,trailing_stop
C_ignition,MOODENG,2025-12-07 01:00:00,2025-12-07 02:00:00,0.12516315525306604,0.09885112900136295,-0.23993189660493894,-0.23898298139603172,0.0,stop_loss
C_ignition,ALLO,2025-12-09 03:00:00,2025-12-09 07:00:00,0.19656380180083963,0.1605050791379863,-0.1922187013391104,-0.191292958423625,0.0,stop_loss
A_accumulation,ALLO,2025-12-10 01:00:00,2025-12-12 15:00:00,0.159490115566515,0.12252564807115883,-0.24077080025562453,-0.23987324786084466,0.0,stop_loss
A_accumulation,PIPPIN,2025-12-16 19:00:00,2025-12-17 00:00:00,0.34770425058382604,0.20583244598951836,-0.44043158408931093,-0.4396126815639182,0.0,stop_loss
A_accumulation,ACT,2025-12-27 17:00:00,2025-12-31 10:00:00,0.04427820196765966,0.03361689056957667,-0.25246129880528023,-0.2515646861274891,0.0,trailing_stop
A_accumulation,XPL,2026-01-07 05:00:00,2026-01-10 01:00:00,0.19090758038097014,0.16431807329030812,-0.14405040972716454,-0.14310821900248666,0.0,oi_collapse
A_accumulation,KAITO,2026-01-17 15:00:00,2026-01-20 17:00:00,0.5454781639777475,0.4248535896267635,-0.22755186235587635,-0.22665271392518602,0.0,stop_loss
A_accumulation,XPL,2026-01-29 02:00:00,2026-01-31 14:00:00,0.1454217276426257,0.10659612706362541,-0.27526253457619865,-0.2743858698162565,0.0,stop_loss
B_squeeze,BULLA,2026-01-31 18:00:00,2026-01-31 19:00:00,0.25699042718103937,0.18123135773333227,-0.3411984015028243,-0.34029137783635227,0.0,trailing_stop
C_ignition,PIPPIN,2026-02-08 17:00:00,2026-02-08 18:00:00,0.2804073966351844,0.2052876178893492,-0.32970097398153103,-0.3287517669401977,0.0,stop_loss
C_ignition,ALLO,2026-02-20 17:00:00,2026-02-20 18:00:00,0.1621983151963494,0.13970149384038857,-0.14634548634964786,-0.14539404999651534,0.0,trailing_stop
A_accumulation,XPL,2026-03-04 20:00:00,2026-03-07 16:00:00,0.11814470000148361,0.09333293951001473,-0.21817449177954368,-0.21726585369062068,0.0,stop_loss
C_ignition,MYX,2026-03-15 09:00:00,2026-03-15 10:00:00,0.5434809134502196,0.44724021693953553,-0.19277489858312513,-0.19182917383034503,0.0,trailing_stop
A_accumulation,TRADOOR,2026-03-26 13:00:00,2026-04-10 09:00:00,2.5521788997922394,3.052271040206744,0.2027474540947416,0.20386960473481636,0.0,trailing_stop
C_ignition,ESPORTS,2026-03-26 15:00:00,2026-03-27 04:00:00,0.3951235791304068,0.3431652193216049,-0.1388212952921076,-0.13727439843804998,-0.0005935742393659181,stop_loss
C_ignition,XPL,2026-04-02 21:00:00,2026-04-02 22:00:00,0.14422986544215957,0.10906683626860793,-0.30150480847594824,-0.30053871088505674,0.0,stop_loss
C_ignition,SKYAI,2026-04-04 09:00:00,2026-04-04 10:00:00,0.08941365660607022,0.06472260989805921,-0.2901029988633014,-0.28922392770306904,0.0,stop_loss
C_ignition,SKYAI,2026-04-11 11:00:00,2026-04-11 12:00:00,0.11973216358170384,0.09525257360854875,-0.22908542646746843,-0.22814156545344913,0.0,trailing_stop
C_ignition,TRADOOR,2026-04-12 16:00:00,2026-04-12 17:00:00,5.9183772787329385,4.681500669708084,-0.23156793946666202,-0.23063147660355288,0.0,trailing_stop
C_ignition,ORDI,2026-04-16 02:00:00,2026-04-16 03:00:00,4.677653908680533,3.7016716867681287,-0.23221399472885976,-0.23127540803611474,0.0,trailing_stop
B_squeeze,ORDI,2026-04-16 08:00:00,2026-04-16 12:00:00,5.596041755171112,4.393779579397503,-0.23569997374796095,-0.23477097749924022,0.0,trailing_stop
C_ignition,SKYAI,2026-04-16 18:00:00,2026-04-16 19:00:00,0.18572705046940002,0.14646705397385804,-0.23105820646265485,-0.23012893608172325,0.0,stop_loss
C_ignition,BOME,2026-04-19 16:00:00,2026-04-19 17:00:00,0.0007946366590780622,0.0005379810762515278,-0.4333973434956365,-0.4324441159672022,0.0,stop_loss
C_ignition,UB,2026-04-22 21:00:00,2026-04-22 22:00:00,0.08674891594649836,0.06899309621768197,-0.22910853606945808,-0.2281652496635362,0.0,trailing_stop
A_accumulation,NEIRO,2026-04-23 02:00:00,2026-04-25 13:00:00,9.154438664155856e-05,8.677113104361536e-05,-0.05516002228171825,-0.054167675873163915,0.0,oi_collapse
A_accumulation,ORDI,2026-04-23 03:00:00,2026-04-23 05:00:00,4.394032343016303,4.114756838634521,-0.06652508397115679,-0.0655422446331335,0.0,oi_collapse
C_ignition,LAB,2026-04-24 02:00:00,2026-04-24 03:00:00,0.9101915899883953,0.7625961900192815,-0.174651698321906,-0.1737029539474095,0.0,trailing_stop
C_ignition,SKYAI,2026-04-29 11:00:00,2026-04-29 12:00:00,0.304625706014016,0.2106630014589214,-0.3400957980354659,-0.33921553991008885,0.0,stop_loss
C_ignition,TAC,2026-04-30 17:00:00,2026-04-30 18:00:00,0.021386613337506626,0.01781662327053158,-0.18498880759886135,-0.18402959260658,0.0,trailing_stop
C_ignition,ORDI,2026-05-02 17:00:00,2026-05-02 18:00:00,6.2182544823017105,5.239220941984051,-0.16612394985467374,-0.1651819706964163,0.0,stop_loss
A_accumulation,ORDI,2026-05-09 15:00:00,2026-05-13 15:00:00,5.50994406503306,4.347130132965086,-0.21595912652754878,-0.21505713557757974,0.0,stop_loss
C_ignition,MYX,2026-05-23 15:00:00,2026-05-23 16:00:00,0.21856101660747523,0.18782819398876716,-0.1501217453454753,-0.1491160728709756,-5e-05,stop_loss
B_squeeze,LAB,2026-05-30 13:00:00,2026-05-31 09:00:00,8.2544282320857,6.747016816043739,-0.18938031010416462,-0.19481640509227177,0.006372083977977666,trailing_stop
A_accumulation,XPL,2026-05-31 08:00:00,2026-06-05 05:00:00,0.09355985156768366,0.07215395497355886,-0.23432741081364863,-0.23343398684977973,0.0,trailing_stop
C_ignition,SKYAI,2026-06-02 06:00:00,2026-06-02 07:00:00,0.3473707766834502,0.21797406583407045,-0.40653761681234285,-0.40569591111264997,0.0,stop_loss
C_ignition,VELVET,2026-06-06 12:00:00,2026-06-06 14:00:00,0.1950244733761298,0.16029456493631294,-0.19087492875190054,-0.1899366061789273,0.0,trailing_stop
A_accumulation,ESPORTS,2026-06-14 11:00:00,2026-06-14 18:00:00,0.08086838334568458,0.02994057969594852,-0.7526448979711212,-0.7519238690349338,0.0,stop_loss
A_accumulation,KAITO,2026-06-17 08:00:00,2026-07-08 07:00:00,0.49132534649541504,0.5787556772854987,0.18165082138679123,0.1827557081732518,0.0,time_stop
A_accumulation,XPL,2026-06-20 12:00:00,2026-06-20 17:00:00,0.09807298688006681,0.09172853194706973,-0.06735833018383151,-0.06637847806023313,0.0,oi_collapse
B_squeeze,SYN,2026-06-22 08:00:00,2026-06-22 10:00:00,0.3008295612251766,0.22534966967078798,-0.279110372951585,-0.2781950890254631,0.0,trailing_stop
C_ignition,SYN,2026-06-22 08:00:00,2026-06-22 09:00:00,0.3008295612251766,0.24117630610723786,-0.22080754559557858,-0.21986309567278034,0.0,trailing_stop
C_ignition,MAGMA,2026-06-26 14:00:00,2026-06-26 16:00:00,0.7641033760700102,0.630848473117579,-0.18894658443724432,-0.18735311487160808,-0.0006499908499121266,trailing_stop
A_accumulation,SYN,2026-07-05 04:00:00,2026-07-05 05:00:00,0.3679482151001816,0.31934482686168236,-0.14244289064426296,-0.1414781051362265,0.0,oi_collapse
C_ignition,US,2026-07-09 18:00:00,2026-07-09 19:00:00,0.03229817200050351,0.026919046143764926,-0.18262656218752624,-0.18167198678572669,0.0,trailing_stop
C_ignition,T,2026-07-12 02:00:00,2026-07-12 03:00:00,0.005578402129096526,0.00464256945286659,-0.18063708927733665,-0.17969137408408908,0.0,trailing_stop
B_squeeze,T,2026-07-12 11:00:00,2026-07-12 14:00:00,0.006079543408372909,0.004876401984181272,-0.21421735954329515,-0.21328513103911315,0.0,stop_loss
C_ignition,ALLO,2026-07-13 18:00:00,2026-07-13 20:00:00,0.5556533887371328,0.45774689863067064,-0.19145083679835284,-0.19050549706470168,0.0,trailing_stop
A_accumulation,ALLO,2026-07-14 02:00:00,2026-07-16 21:00:00,0.4366109993415742,0.38594457881986427,-0.12367307115623229,-0.1227057240602309,0.0,oi_collapse
